"","log2FoldChange","pvalue"
"ENSMUSG00000000001",-0.06565001174522438,0.9376158839765705
"ENSMUSG00000000003",0,NA
